순위,기사 제목,기사 작성일
1,"결혼 앞둔 20대 어린이집 교사, 삶의 끝에서 5명에게 장기기증",2025-03-20 00:09
2,"김수현측, 가세연·김새론 유족 고발…""사진 공개로 수치심 유발""",2025-03-20 09:56
3,살해한 아내 시신 두달 넘게 차 트렁크에 은닉한 40대 구속기소,2025-03-20 06:27
4,"한총리 탄핵심판, 尹보다 먼저 선고…'국정 혼란 최소화' 관측",2025-03-20 09:35
5,"유승준 입국요구 세번째 비자재판…정부 ""병역기피 국익에 영향""",2025-03-20 07:49
6,"JK 롤링, 해리포터 배우들 또 저격…""영화 망쳤다""",2025-03-20 06:53
7,아파트서 여성 차량에 체액 묻히고 도주…잡고 보니 입주민,2025-03-20 00:51
8,"'이영애, 김여사와 연관' 주장한 유튜버 벌금 700만원 약식기소",2025-03-20 04:35
9,"계란 아닌 폭발물이었다면…경찰, 헌재 앞 경비 실패 논란",2025-03-20 03:04
10,"헌재, 한덕수 탄핵심판 24일 오전 10시 선고…尹 앞서 끝낸다(종합2보)",2025-03-20 09:44
11,"尹대통령, 지지자 사망에 ""정중한 위로…뜻 잘 받들겠다""",2025-03-20 05:59
12,"주호민 아내, 아동학대 혐의 특수교사 2심 재판서 '엄벌' 탄원",2025-03-20 08:35
13,신사동 빌라 반지하서 홀로 살던 50대 남성 숨진 채 발견,2025-03-20 05:46
14,오만전 홍명보호 중원엔 백승호…황인범은 출전 명단서 빠져,2025-03-20 09:50
15,월급 309만원 직장인 연금 평생 5천만원 더내고 2천만원 더받아(종합2보),2025-03-20 09:04
16,"尹 앞선 한덕수 선고, 미리보는 윤대통령 탄핵심판 답지 될까",2025-03-20 08:52
17,"'북한강 시신유기' 양광준 무기징역…""비인격적 범행 반성 의문""(종합)",2025-03-20 06:02
18,韓선고일 지정에 신경 곤두선 민주…李항소심·尹선고 향배 촉각,2025-03-20 08:56
19,"검찰, '마약 투약 자수' 래퍼 식케이에 징역 3년6개월 구형",2025-03-20 03:41
